[{
    "title":"PyDelhi",
    "tag":"pydelhi",
    "logo": "images/logos/pydelhi.png",
    "desc":"PyDelhi is a volunteer organization, a group of technically inclined students, professionals and teachers and entrepreneurs who want to learn something new having a common primary interest in the python programming language. They Organize fortnight meetups, workshops and conference.  \n\n*   **Website:** [http://pydelhi.org](\"http://pydelhi.org\")\n*   **Meetup Page:** [https://www.meetup.com/pydelhi/](\"https://www.meetup.com/pydelhi/\")"
},
{
    "title":"Indian Linux Users Group Delhi",
    "tag":"ilugd",
    "logo": "images/logos/ilugd.png",
    "desc":"PyDelhi is a volunteer organization, a group of technically inclined students, professionals and teachers and entrepreneurs who want to learn something new having a common primary interest in the python programming language. They Organize fortnight meetups, workshops and conference.  \n\n*   **Website:** [http://pydelhi.org](\"http://pydelhi.org\")\n*   **Meetup Page:** [https://www.meetup.com/pydelhi/](\"https://www.meetup.com/pydelhi/\")![](\"images/logos/ilugd.png\")  \nILUG-D (Indian Linux Users Group Delhi)  \n\n*   **Website:**[http://ilugd.github.io](\"http://ilugd.github.io\")"
},
{
    "title":"LinuxChix India",
    "tag":"linuxchix",
    "logo": "images/logos/linuxchix.png",
    "desc":"LinuxChix is a community for women who like Linux and for anyone who wants to support women in computing. We aim to promote FOSS primarily Linux and related projects among women and other minorities in tech. We are a group of enthusiastic people ranging from students to professional experts willing to teach and foster the growth of Linux.  \nLinuxChix India is a regional chapter in India of LinuxChix, a global community for women who like Linux and for anyone who wants to support women in computing. We are an international group of Free Software users and developers, founded in 1999 with the aim of supporting women in Linux. It is not only for women.  \n\n*   **Telegram:** [https://goo.gl/0hTwWn](\"https://goo.gl/0hTwWn\")\n*   **Website:** [http://linuxchixindia.github.io](\"http://linuxchixindia.github.io\")"
},
{
    "title":"Mozilla Delhi",
    "tag":"mozpacers",
    "logo": "images/logos/mozpacers.png",
    "desc":"ILUG-D (Indian Linux Users Group Delhi)  \n\n*   **Website:**[http://ilugd.github.io](\"http://ilugd.github.io\")"
},
{
    "title":"Open Source Community",
    "tag":"opensource",
    "logo": "images/logos/opensource.png",
    "desc":"*   **Telegram Link:** [https://goo.gl/rjkbmI](\"https://goo.gl/rjkbmI\")\n*   **Google Group Link:** [https://goo.gl/tmH3Mg](\"https://goo.gl/tmH3Mg\")\n*   **Google Form Link:** [https://goo.gl/forms/teSEQh4j4697Saoz2](\"https://goo.gl/forms/teSEQh4j4697Saoz2\")\n*   **Facebook group link:** [https://goo.gl/tMKxC8](\"https://goo.gl/tMKxC8\")\n*   **Contact Number:** +91-9654161510 (Telegram Handel - @uditwapt)\n*   **Email ID:** [udit.gupta@owasp.org](\"mailto:udit.gupta@owasp.org\"), [uditwapt@gmail.com](\"mailto:uditwapt@gmail.com\")"
},
{
    "title":"Other Dev Communities",
    "tag":"others",
    "logo": "",
    "desc":"Join other dev groups on Telegram:\n\n*   **JavaScript:** [https://goo.gl/f7sSn9](\"https://goo.gl/f7sSn9\")\n*   **Python:** [https://goo.gl/Q6NE71](\"https://goo.gl/Q6NE71\")\n*   **Java:** [https://goo.gl/H8XBhL](\"https://goo.gl/H8XBhL\")\n*   **PHP:** [https://goo.gl/Q1ipFx](\"https://goo.gl/Q1ipFx\")\n*   **C/C++:** [https://goo.gl/8nQb3w](\"https://goo.gl/8nQb3w\")\n*   **Android:** [https://goo.gl/ADW5Tv](\"https://goo.gl/ADW5Tv\")\n*   **iOS/Swift:** [https://goo.gl/7q4X4g](\"https://goo.gl/7q4X4g\")\n*   **UI/UX & Web Designers:** [https://goo.gl/a6Lcy2](\"https://goo.gl/a6Lcy2\")"
}
]