[
    {
        "alumni_description":"Alumni who were a part of ALiAS are now placed in various companies or some of them are still consulting other(s) in the open source domain",
        "site_about":"<strong class=\"text-danger\">A</strong>mity <strong class=\"text-danger\">Li</strong>nux <strong class=\"text-danger\">A</strong>ssitance <strong class=\"text-danger\">S</strong>apience",
        "site_history":"<p>Started back in 2010; With main aim to foster the growth of use of Linux for the developers in the campus and to promote the culture of hacking and sharing.</p>ALiAS is now a platform for upcoming developers for finding exposure by meeting the people working in related industries, learning various languages and becoming a better developer",
        "services":[
            "Stand out of crowd and learn unique skills from people already working in the industry!",
            "Find like minded Delhi/NCR Tech Communities.",
            "Find mentors for GSoC",
            "Learn Linux, Android, Networking, etc. There is no limit on how much and what you can learn!",
            "Chance to find Interships under our Alumni.",
            "ALiAS welcomes each and every student of amity irrespective of their department.",
            "Already know something? Teach it to others! That's how we work!"
        ],
        "open_source":[
            {
                "url":"communities.html#pydelhi",
                "logo":"images/logos/pydelhi.png",
                "title":"PyDelhi"
            },
            {
                "url":"communities.html#ilugd",
                "logo":"images/logos/ilugd.png",
                "title":"Indian Linux Users Group Delhi"
            },
            {
                "url":"communities.html#linuxchix",
                "logo":"images/logos/linuxchix.png",
                "title":"LinuxChix India"
            },
            {
                "url":"communities.html#mozpacers",
                "logo":"images/logos/mozpacers.png",
                "title":"Mozilla Delhi"
            },
            {
                "url":"communities.html#opensource",
                "logo":"images/logos/opensource.png",
                "title":"Open Source Community"
            },
            {
                "url":"communities.html#pycon",
                "logo":"images/logos/pycon.png",
                "title":"PyCon India"
            }
        ],
        "eventsP":[
            {
                "url":"https://summerofcode.withgoogle.com/",
                "logo":"images/logos/gsoc.png",
                "title":"Google Summer of Code"
            },
            {
                "url":"https://ilugd.github.io/",
                "logo":"images/logos/outreachy.png",
                "title":"Outreachy"
            },
            {
                "url":"https://in.pycon.org",
                "logo":"images/logos/pycon.png",
                "title":"PyCon India"
            }
        ],
        "team":[
            {
                "name": "Ms. Nidhi Chandra",
                "designation": "Faculty Coordinator",
                "ppicUrl": "images/team/nidhi.png"
            },
            {
                "name":"Dr. Shilpi Sharma",
                "designation": "Faculty Coordinator",
                "ppicUrl": "images/team/shilpi.jpg"
            },
            {
                "name":"Shivam Rajput",
                "designation": "Student",
                "github": "shivamdiehard",
                "ppicUrl": "images/team/shivam.jpg"
            },
            {
                "name":"Tanya Jain",
                "designation":"Student",
                "github": "Tanya-Jain",
                "facebook":"tanya.jain3",
                "website":"http://www.tanya-jain.xyz",
                "ppicUrl": "images/team/tanya.jpg"
            },
            {
                "name":"Ayush Agarwal",
                "designation":"Student",
                "github": "thisisayush",
                "facebook": "thisisayushaa",
                "website": "http://thisisayush.com",
                "ppicUrl": "images/team/ayush.jpg"
            },
            {
                "name":"Parth Sharma",
                "designation":"Student",
                "github": "parthsharma2",
                "facebook": "parthsharma02",
                "ppicUrl": "images/team/parth.jpg"
            },
            {
                "name":"Omkar Yadav",
                "designation":"Student",
                "github": "omi10859",
                "website": "http://omkar.site",
                "facebook":"omi.108",
                "ppicUrl": "images/team/omkar.jpg"
            },
            {
                "name":"Vipul Gupta",
                "designation":"Student",
                "github": "vipulgupta2048",
                "facebook": "vipulgupta2048",
                "website":"http://mixstersite.wordpress.com/about",
                "ppicUrl": "images/team/vipulg.jpeg"
            },
            {
                "name":"Anuja Agarwal",
                "designation":"Student",
                "github":"anujagrazzel",
                "ppicUrl":"images/team/anuja.jpeg"
            }
        ],

        "alumini":[
          {
            "name":"ANUVRAT PARASHAR",
           "currently_working":"ESSENTIA SOFTSERV",
            "linkedin":"https://www.linkedin.com/in/anuvratparashar/",
            "picurl":"images/alumini/anuvrat.jpeg"
          },
          {
            "name":"MUKUL MALIK",
           "currently_working":"DEEP LEARNING(NLP/NLU)",
            "linkedin":"https://www.linkedin.com/in/mukul-malik-78ba68b2",
            "picurl":"images/alumini/mukul.jpeg"
          },
          {
            "name":"SHYAM SAINI",
           "currently_working":"AMARULA SOLUTIONS",
            "linkedin":"https://www.linkedin.com/in/shyamsaini",
            "picurl":"images/alumini/shyam.jpeg"
          },
          {
            "name":"HANUT SINGH",
           "currently_working":"PATCH us",
            "linkedin":"https://www.linkedin.com/in/hanutsingh",
            "picurl":"images/alumini/default.jpeg"
          },
          {
            "name":"DHRUV GUPTA",
           "currently_working":"HCL TECHNOLOGIES",
            "linkedin":"https://www.linkedin.com/in/dhruv-gupta-19716111/",
            "picurl":"images/alumini/default.jpeg"
          }
        ]
    }
]
