[
  {
    "name":"ASET ALiAS Website",
    "thumbnail":"images/slides/slide1.jpg",
    "description":"Official website of ASET ALiAS club.",
    "authorThumb": "images/ALiAS.png",
    "author":"ALiAS",
    "authorSocial":[
      {
        "title":"Facebook",
        "link":"https://facebook.com/asetalias",
        "icon": "facebook"
      },
      {
        "title":"Github",
        "link":"https://github.com/asetalias",
        "icon": "github"
      },
      {
        "title": "Twitter",
        "link": "https://twitter.com/asetalias",
        "icon": "twitter"
      }
    ],
    "tags":["HTML","CSS","JavaScript","Bootstrap","Python","JSON"],
    "cta":"http://asetalias.in",
    "ctaText": "Demo",
    "ctaIcon": "eye",
    "cta2":"http://github.com/asetalias/asetalias.github.io",
    "cta2Text": "Source",
    "cta2Icon": "code",
    "github": "asetalias/asetalias.github.io"
  },
  {
    "name":"ASET ALiAS Android App",
    "thumbnail":"images/slides/slide1.jpg",
    "description":"Official Android App for ASET ALiAS.",
    "author":"ALiAS",
    "authorThumb": "images/ALiAS.png",
    "authorSocial":[
      {
        "title":"Facebook",
        "link":"https://facebook.com/asetalias",
        "icon": "facebook"
      },
      {
        "title":"Github",
        "link":"https://github.com/asetalias",
        "icon": "github"
      },
      {
        "title": "Twitter",
        "link": "https://twitter.com/asetalias",
        "icon": "twitter"
      }
    ],
    "tags":["Android", "JAVA", "Under Development"],
    "cta":"http://github.com/asetalias/aliasandroidapp",
    "ctaText": "Source",
    "ctaIcon": "code",
    "cta2":"",
    "cta2Text": "",
    "cta2Icon": "",
    "github": "asetalias/aliasandroidapp"
  },
  {
    "name": "Community Connect",
    "thumbnail": "images/slides/slide1.jpg",
    "description": "Re-Usable Apps that'll power the Meetup Groups!",
    "author": "ALiAS",
    "authorThumb": "images/ALiAS.png",
    "authorSocial":[
      {
        "title":"Facebook",
        "link":"https://facebook.com/asetalias",
        "icon": "facebook"
      },
      {
        "title":"Github",
        "link":"https://github.com/asetalias",
        "icon": "github"
      },
      {
        "title": "Twitter",
        "link": "https://twitter.com/asetalias",
        "icon": "twitter"
      }
    ],
    "tags":["Django", "Python", "Under Development", "Web Development"],
    "cta":"https://gitlab.com/asetalias/Community-Connect/",
    "ctaText": "Source",
    "ctaIcon": "code",
    "cta2":"",
    "cta2Text": "",
    "cta2Icon": "",
    "github": ""
  },
  {
    "name": "Beautiful-Bootstrap",
    "thumbnail": "http://getbootstrap.com/assets/brand/bootstrap-social.png",
    "description": "Beautifully Designed Bootstrap Components",
    "author": "@thisisayush",
    "authorThumb": "https://avatars2.githubusercontent.com/u/22245433?v=4",
    "authorSocial":[
      {
        "title":"Facebook",
        "link":"https://facebook.com/thisisayush",
        "icon": "facebook"
      },
      {
        "title":"Github",
        "link":"https://github.com/thisisayush",
        "icon": "github"
      },
      {
        "title": "LinkedIn",
        "link": "https://linkedin.com/in/thisisayush",
        "icon": "linkedin"
      },
      {
        "title": "Twitter",
        "link": "https://twitter.com/thisisayushaa",
        "icon": "twitter"
      }
    ],
    "tags":["CSS", "SASS", "Bootstrap"],
    "cta":"https://github.com/thisisayush/beautiful-bootstrap/",
    "ctaText": "Source",
    "ctaIcon": "code",
    "cta2":"https://github.thisisayush.com/beautiful-bootstrap/",
    "cta2Text": "Demo",
    "cta2Icon": "eye",
    "github": "thisisayush/beautiful-bootstrap"
  },
  {
    "name": "Scrape",
    "thumbnail": "images/projects/scrapy.jpg",
    "description": "A project made over scrapy to crawl and store news from various Website.",
    "author": "ASET ALiAS",
    "authorThumb": "images/ALiAS.png",
    "authorSocial":[
      {
        "title":"Facebook",
        "link":"https://facebook.com/asetalias",
        "icon": "facebook"
      },
      {
        "title":"Github",
        "link":"https://github.com/asetalias",
        "icon": "github"
      },
      {
        "title": "Twitter",
        "link": "https://twitter.com/asetalias",
        "icon": "twitter"
      }
    ],
    "tags":["Python", "Scrapy", "PostgreSQL", "Linux"],
    "cta":"https://github.com/vipulgupta2048/scrape/",
    "ctaText": "Source",
    "ctaIcon": "code",
    "cta2":"",
    "cta2Text": "",
    "cta2Icon": "",
    "github": "vipulgupta2048/scrape"
  }
]