[{
    "logo_dark":"images/logo-dark.png",
    "logo_light":"images/logo-light.png",
    "favicon": "images/ALiAS.png",
    "site_title":"ALiAS: Amity Linux Assistance Sapience",
    "join_now_link":"https://goo.gl/forms/mZAhlJMxqCwZVbRK2",
    "contact_links":[
        {
            "icon":"envelope",
            "url":"mailto:contactasetalias@gmail.com",
            "title": "Email",
            "iconColor":"green"
        },
        {
            "icon":"github",
            "url":"https://github.com/asetalias",
            "title": "Github",
            "iconColor":"grey"
        },
        {
            "icon":"youtube",
            "url":"https://www.youtube.com/channel/UCKkyqEMLFW3jz-q3nJIFL3g",
            "title":"YouTube",
            "iconColor":"red"
        },
        {
            "icon":"facebook",
            "url":"https://www.facebook.com/asetalias/",
            "title":"Facebook",
            "iconColor":"blue"
        },
        {
            "icon":"google-plus-square",
            "url":"https://groups.google.com/forum/#!forum/amity-linux-group",
            "title":"Mailing List",
            "iconColor":"yellow"
        }
    ],
    "flashbox": {
        "enabled": 0,
        "content":"<a href=\"http://asetalias.in/geekbattle\" target=\"_blank\"><img src=\"images/flashbox/poster09032018.jpg\"></a>",
        "endDate": "Mar 09 2018"
    }
}
]
